id,Count,Angle,Easting,Northing,longitude,latitude
1,1,311,529160,181014,-0.140078705,51.51329576
2,1,311,529187,180981,-0.139701912,51.51299304
3,2,216,529190,181046,-0.139634906,51.51357649
4,2,216,529183,181041,-0.139737556,51.51353315
5,1,126,529210,181037,-0.139350145,51.51349104
6,1,126,529226,181015,-0.139127757,51.51328967
7,1,38,529221,180983,-0.13921149,51.51300324
8,1,38,529212,180976,-0.139343677,51.51294239
9,1,126,529202,180996,-0.13948038,51.51312441
10,1,306,529210,181057,-0.139342821,51.51367077
11,1,306,529216,181047,-0.139260066,51.51357953
12,2,306,529231,181027,-0.139051349,51.51339637
13,2,218,529214,180967,-0.139318167,51.51286105
14,8,218,529223,180974,-0.13918598,51.5129219
15,2,218,529233,180982,-0.139039024,51.51299151
16,1,218,529238,180986,-0.138965546,51.51302632
17,1,125,529261,180967,-0.138641245,51.51285031
18,1,305,529276,180963,-0.138426671,51.51281094
19,1,129,529273,180904,-0.138491494,51.51228141
20,1,125,529292,180926,-0.138209787,51.51247477
21,1,125,529300,180916,-0.138098231,51.51238308
22,4,305,529307,180918,-0.137996681,51.51239945
23,1,305,529303,180923,-0.138052459,51.5124453
24,1,305,529299,180929,-0.13810787,51.51250013
25,1,304,529298,180871,-0.138143525,51.51197913
26,2,36,529323,180856,-0.137788964,51.51183862
27,1,37,529319,180914,-0.137825318,51.51236076
28,1,37,529330,180922,-0.137663959,51.51243014
29,3,34,529334,180925,-0.13760525,51.51245618
30,1,217,529330,180912,-0.137667624,51.51234027
31,1,126,529344,180909,-0.13746709,51.51231011
32,1,306,529349,180914,-0.137393245,51.5123539
33,1,306,529353,180907,-0.137338201,51.51229008
34,2,128,529375,180931,-0.137012549,51.51250072
35,2,35,529360,180945,-0.137223454,51.51262997
36,1,30,529368,180949,-0.137106767,51.51266409
37,1,298,529352,180948,-0.137337574,51.51265876
38,1,298,529348,180953,-0.137393352,51.51270461
39,2,298,529345,180958,-0.137434726,51.51275023
40,1,118,529337,180956,-0.13755068,51.51273408
41,2,298,529337,180973,-0.137544449,51.51288686
42,1,118,529324,180976,-0.137730583,51.51291679
43,4,206,529331,180989,-0.137625,51.51303202
44,3,206,529341,180994,-0.137479141,51.51307466
45,2,206,529346,180996,-0.137406395,51.51309149
46,3,206,529351,180999,-0.137333282,51.51311731
47,2,116,529315,180992,-0.137854343,51.51306263
48,4,116,529312,180998,-0.137895352,51.51311724
49,1,116,529308,181005,-0.137950398,51.51318106
50,4,296,529319,181009,-0.137790502,51.51321449
51,1,296,529316,181015,-0.137831511,51.5132691
52,1,296,529313,181021,-0.137872521,51.51332371
53,2,296,529310,181026,-0.137913897,51.51336933
54,3,296,529308,181032,-0.137940503,51.5134237
55,4,297,529303,181040,-0.138009586,51.51349674
56,2,26,529335,181008,-0.137560425,51.51320185
57,2,116,529298,181021,-0.138088562,51.51332714
58,2,210,529289,181023,-0.138217454,51.51334717
59,3,210,529283,181019,-0.138305336,51.51331259
60,1,210,529277,181016,-0.138392851,51.513287
61,2,30,529279,181027,-0.138360016,51.5133854
62,1,30,529287,181032,-0.138242962,51.5134285
63,3,116,529273,181008,-0.138453393,51.51321602
64,1,116,529276,181003,-0.138412017,51.5131704
65,4,116,529280,180997,-0.138356604,51.51311557
66,2,116,529286,180987,-0.138273852,51.51302433
67,1,116,529289,180983,-0.13823211,51.5129877
68,1,34,529256,181001,-0.138700804,51.513157
69,1,214,529258,181011,-0.138668335,51.51324641
70,1,206,529366,181007,-0.137114309,51.51318577
71,4,207,529373,181011,-0.137012023,51.51322012
72,18,207,529381,181015,-0.136895335,51.51325423
73,3,207,529387,181018,-0.136807819,51.51327982
74,4,207,529393,181020,-0.136720669,51.51329642
75,1,117,529399,181021,-0.136633886,51.51330403
76,5,117,529407,181005,-0.136524532,51.51315842
77,2,117,529418,180985,-0.136373438,51.51297617
78,1,32,529412,180975,-0.136463521,51.51288767
79,2,32,529407,180972,-0.136536634,51.51286186
80,1,32,529400,180968,-0.136638919,51.51282751
81,1,30,529395,180965,-0.136712032,51.5128017
82,1,30,529385,180959,-0.136858258,51.51275006
83,1,30,529376,180954,-0.136989714,51.51270719
84,1,212,529419,180968,-0.13636527,51.51282316
85,1,128,529399,180952,-0.136659189,51.51268395
86,1,128,529403,180945,-0.136604146,51.51262013
87,1,128,529414,180928,-0.136451953,51.51246484
88,1,128,529417,180922,-0.136410946,51.51241023
89,1,128,529422,180912,-0.136342602,51.51231922
90,4,128,529448,180874,-0.135982079,51.51197178
91,3,308,529464,180873,-0.135752009,51.51195913
92,1,299,529458,180879,-0.135836221,51.51201442
93,2,308,529455,180884,-0.135877594,51.51206004
94,1,308,529442,180904,-0.136057488,51.51224275
95,2,308,529436,180913,-0.136140601,51.51232501
96,1,308,529433,180919,-0.136181607,51.51237961
97,1,308,529430,180924,-0.136222981,51.51242523
98,1,308,529420,180943,-0.136360037,51.51259827
99,1,308,529415,180951,-0.136429115,51.51267131
100,1,297,529434,180977,-0.13614593,51.51290061
101,1,306,529438,180970,-0.136090888,51.51283679
102,4,126,529430,180966,-0.136207576,51.51280267
103,1,126,529434,180961,-0.136151799,51.51275682
104,3,126,529440,180953,-0.136068319,51.51268356
105,2,126,529444,180948,-0.136012543,51.51263771
106,1,126,529452,180938,-0.135900991,51.51254601
107,2,306,529460,180938,-0.135785771,51.51254418
108,1,126,529480,180898,-0.135512399,51.51218013
109,1,126,529485,180893,-0.135442222,51.51213405
110,1,306,529486,180904,-0.135423783,51.51223268
111,1,306,529504,180882,-0.135172614,51.51203085
112,1,126,529518,180892,-0.134967312,51.51211751
113,1,306,529516,180900,-0.13499318,51.51218986
114,1,42,529545,180899,-0.134575879,51.51217423
115,1,122,529545,180888,-0.134579917,51.51207538
116,1,43,529545,180861,-0.134589829,51.51183274
117,2,288,529541,181307,-0.134483697,51.51584171
118,1,24,529506,181266,-0.135002869,51.51548128
119,1,297,529488,181234,-0.135273875,51.51519782
120,1,117,529477,181228,-0.135434513,51.51514642
121,1,118,529433,181189,-0.136082566,51.51480602
122,1,209,529452,181219,-0.135797898,51.51507127
123,1,294,529410,181254,-0.136389998,51.51539541
124,2,209,529467,181181,-0.135595793,51.51472634
125,1,27,529417,181167,-0.136321086,51.51461197
126,2,27,529407,181163,-0.136466585,51.51457831
127,1,207,529436,181165,-0.136048161,51.51458965
128,1,207,529430,181162,-0.13613568,51.51456406
129,1,207,529423,181158,-0.136237969,51.51452972
130,1,29,529416,181136,-0.13634686,51.51433361
131,2,29,529422,181139,-0.136259341,51.5143592
132,1,118,529468,181124,-0.135602305,51.51421387
133,2,118,529461,181137,-0.135698356,51.5143323
134,1,118,529458,181144,-0.135738997,51.51439589
135,1,298,529462,181156,-0.135676982,51.51450282
136,2,299,529484,181117,-0.135374426,51.5141473
137,1,298,529478,181126,-0.135457541,51.51422955
138,1,298,529468,181146,-0.135594233,51.51441158
139,1,298,529470,181140,-0.135567628,51.5143572
140,3,119,529473,181113,-0.135534327,51.51411387
141,5,119,529480,181101,-0.135437909,51.51400443
142,2,29,529452,181115,-0.135836055,51.51413665
143,1,29,529446,181112,-0.135923574,51.51411107
144,1,29,529441,181109,-0.135996689,51.51408525
145,1,29,529430,181103,-0.136157323,51.51403385
146,2,209,529449,181103,-0.135883667,51.5140295
147,4,209,529439,181098,-0.13602953,51.51398685
148,5,209,529433,181094,-0.136117415,51.51395228
149,2,209,529428,181092,-0.136190164,51.51393545
150,1,294,529404,181086,-0.136538034,51.51388702
151,3,294,529391,181116,-0.136714271,51.5141596
152,1,294,529384,181131,-0.136809591,51.514296
153,3,114,529374,181128,-0.136954722,51.51427133
154,1,114,529385,181105,-0.136804722,51.51406212
155,1,114,529390,181094,-0.136736741,51.51396212
156,2,114,529394,181082,-0.13668353,51.51385337
157,3,294,529373,181154,-0.136959591,51.51450521
158,2,294,529363,181177,-0.137095189,51.51471419
159,3,114,529360,181156,-0.137146098,51.51452616
160,3,204,529380,181191,-0.136845202,51.51483612
161,1,204,529396,181199,-0.136611817,51.51490435
162,1,294,529351,181204,-0.137258129,51.51495958
163,2,24,529317,181185,-0.137754803,51.51479661
164,3,24,529304,181180,-0.137943878,51.51475465
165,1,30,529345,181073,-0.137392571,51.5137837
166,2,30,529338,181070,-0.137494491,51.51375834
167,2,116,529341,181055,-0.137456781,51.51362285
168,1,116,529345,181049,-0.137401369,51.51356802
169,1,116,529355,181030,-0.137264306,51.51339498
170,2,27,529374,181029,-0.136991021,51.51338165
171,3,27,529381,181032,-0.136889101,51.51340701
172,1,27,529387,181036,-0.136801218,51.51344158
173,1,27,529401,181043,-0.136597012,51.51350128
174,4,27,529394,181039,-0.136699299,51.51346694
175,3,297,529424,180994,-0.136283721,51.51305567
176,1,297,529421,181000,-0.136324728,51.51311028
177,1,126,529451,181020,-0.135885311,51.51328315
178,3,126,529454,181015,-0.135843937,51.51323753
179,1,126,529457,181009,-0.135802931,51.51318292
180,2,126,529460,181004,-0.135761557,51.5131373
181,7,210,529490,180959,-0.135345991,51.51272603
182,1,126,529465,180991,-0.135694313,51.51301933
183,1,126,529469,180985,-0.135638904,51.51296449
184,1,126,529476,180971,-0.135543223,51.51283708
185,2,126,529482,180965,-0.135459009,51.51278178
186,3,209,529504,180968,-0.135141052,51.5128037
187,3,32,529513,180941,-0.135021339,51.512559
188,5,299,529505,181009,-0.135111602,51.51317193
189,1,212,529514,180933,-0.135009873,51.51248688
190,2,212,529520,180937,-0.13492199,51.51252145
191,1,212,529526,180940,-0.134834474,51.51254704
192,9,32,529537,180936,-0.134677515,51.51250857
193,2,126,529541,180934,-0.13462064,51.51248968
194,1,126,529548,180925,-0.134523127,51.5124072
195,1,306,529544,180937,-0.134576331,51.51251596
196,1,32,529531,180954,-0.134757323,51.51267171
197,1,209,529515,180974,-0.134980422,51.51285511
198,4,126,529462,180996,-0.135735687,51.51306495
199,2,212,529452,180992,-0.135881181,51.51303129
200,2,212,529447,180989,-0.135954294,51.51300548
201,2,212,529441,180986,-0.136041811,51.51297989
202,1,32,529437,180989,-0.136098321,51.51300776
203,1,32,529443,180992,-0.136010804,51.51303335
204,1,32,529449,180995,-0.135923288,51.51305894
205,1,32,529454,180998,-0.135850174,51.51308475
206,3,204,529438,181039,-0.136065577,51.51345687
207,2,204,529431,181036,-0.136167497,51.51343151
208,2,204,529425,181033,-0.136255013,51.51340592
209,1,204,529420,181030,-0.136328128,51.51338011
210,2,204,529414,181026,-0.136416011,51.51334554
211,2,297,529410,181020,-0.136475823,51.51329253
212,4,29,529426,181056,-0.136232174,51.51361239
213,4,29,529441,181064,-0.136013197,51.51368085
214,5,29,529446,181067,-0.135940083,51.51370667
215,1,29,529453,181070,-0.135838162,51.51373202
216,3,29,529462,181075,-0.135706702,51.5137749
217,3,30,529468,181078,-0.135619184,51.51380048
218,5,30,529474,181081,-0.135531666,51.51382607
219,1,29,529431,181058,-0.136159427,51.51362922
220,1,29,529435,181061,-0.136100715,51.51365526
221,3,120,529515,181039,-0.134956564,51.51343924
222,2,120,529505,181056,-0.135094352,51.5135943
223,1,300,529516,181058,-0.134935187,51.51360976
224,1,30,529498,181050,-0.135197374,51.51354199
225,2,30,529487,181044,-0.135358006,51.51349059
226,2,119,529493,181043,-0.135271957,51.51348022
227,1,299,529497,181021,-0.13522242,51.5132816
228,1,299,529501,181015,-0.135167011,51.51322677
229,1,119,529481,181064,-0.135437084,51.51367169
230,1,119,529487,181067,-0.135349566,51.51369728
231,1,119,529493,181071,-0.135261681,51.51373185
232,1,210,529508,181090,-0.135038665,51.51389916
233,1,30,529516,181105,-0.134917935,51.51403213
234,2,299,529494,181099,-0.135237002,51.51398325
235,1,116,529523,181082,-0.134825558,51.51382383
236,1,116,529529,181069,-0.134743913,51.51370563
237,1,210,529543,181047,-0.13455035,51.51350472
238,2,300,529526,181040,-0.134797767,51.51344571
239,1,300,529530,181034,-0.134742358,51.51339087
240,2,300,529535,181025,-0.134673649,51.51330885
241,1,300,529538,181019,-0.134632643,51.51325424
242,2,300,529542,181011,-0.134577969,51.51318143
243,1,300,529546,181004,-0.134522929,51.51311761
244,8,300,529550,180998,-0.134467521,51.51306277
245,2,300,529554,180992,-0.134412113,51.51300793
246,1,300,529559,180983,-0.134343405,51.51292591
247,1,217,529592,180983,-0.133868119,51.51291835
248,1,30,529567,181021,-0.134214231,51.51326557
249,1,37,529613,181009,-0.133556115,51.51314719
250,1,37,529628,181020,-0.133336034,51.5132426
251,2,217,529627,181012,-0.133353376,51.51317094
252,1,217,529652,181023,-0.132989268,51.51326406
253,1,37,529666,181001,-0.132795715,51.51306314
254,2,117,529570,181051,-0.134160007,51.51353448
255,2,117,529565,181063,-0.134227614,51.51364347
256,1,117,529562,181072,-0.134267518,51.51372503
257,1,117,529556,181083,-0.134349896,51.51382526
258,1,210,529535,181106,-0.134643913,51.51403677
259,5,297,529563,181090,-0.134246505,51.51388656
260,1,297,529568,181077,-0.134179265,51.51376859
261,1,297,529574,181062,-0.134098356,51.51363242
262,1,297,529577,181053,-0.134058453,51.51355085
263,1,297,529551,181110,-0.134411997,51.51406905
264,2,297,529545,181118,-0.134495477,51.51414232
265,2,297,529542,181125,-0.134536116,51.51420591
266,1,117,529531,181128,-0.134693448,51.51423539
267,1,117,529516,181153,-0.134900316,51.51446349
268,1,297,529528,181154,-0.134727112,51.51446973
269,1,25,529550,181138,-0.134416119,51.5143209
270,1,25,529565,181141,-0.134198972,51.51434443
271,2,25,529571,181144,-0.134111452,51.51437001
272,1,205,529563,181145,-0.134226309,51.51438083
273,2,205,529570,181148,-0.134124386,51.51440619
274,1,205,529619,181170,-0.133410555,51.51459267
275,2,205,529612,181167,-0.133512479,51.51456731
276,1,25,529606,181169,-0.133598163,51.51458666
277,4,25,529599,181167,-0.133699719,51.51457029
278,1,205,529596,181159,-0.133745867,51.51449908
279,1,25,529593,181164,-0.13378724,51.5145447
280,5,25,529588,181161,-0.133860357,51.51451889
281,1,25,529582,181158,-0.133947877,51.5144933
282,1,25,529583,181149,-0.13393678,51.5144122
283,1,205,529586,181154,-0.133891734,51.51445644
284,2,25,529558,181158,-0.134293551,51.5144988
285,1,205,529519,181194,-0.134842056,51.51483126
286,1,209,529305,181279,-0.137893192,51.5156441
287,1,24,529187,181205,-0.139619899,51.51500606
288,1,122,529572,180911,-0.134182609,51.51227589
289,1,302,529588,180934,-0.133943725,51.51247892
290,1,302,529598,180940,-0.133797497,51.51253054
291,1,122,529597,180930,-0.133815572,51.51244091
292,1,43,529584,180890,-0.134017492,51.51208442
293,1,123,529587,180885,-0.133976121,51.5120388
294,1,297,529675,180793,-0.132742526,51.51119185
295,1,122,529694,180786,-0.13247146,51.51112459
296,4,40,529505,180865,-0.135164451,51.51187785
297,1,126,529554,180791,-0.134485907,51.51120161
298,1,126,529572,180783,-0.134229608,51.51112559
299,1,30,529575,180724,-0.134208064,51.51059469
300,1,280,529203,181102,-0.139427163,51.51407677
301,1,30,529174,180793,-0.139957965,51.5113065
302,3,210,529168,180781,-0.14004877,51.51120003
303,1,210,529211,180735,-0.139446323,51.51077682
304,1,299,529264,181034,-0.138573493,51.51345174
305,1,299,529250,181055,-0.13876744,51.51364366
306,1,299,529246,181061,-0.138822853,51.51369849
307,3,299,529243,181066,-0.13886423,51.51374411
308,1,119,529246,181048,-0.138827615,51.51358166
309,1,119,529239,181059,-0.138924406,51.51368212
310,1,214,529243,181028,-0.138878149,51.51340262
311,2,214,529249,181031,-0.138790634,51.5134282
312,2,297,529291,181064,-0.138173625,51.51371516
313,1,300,529280,181086,-0.138323996,51.51391539
314,2,117,529283,181058,-0.138291046,51.51366307
315,1,120,529280,181064,-0.138332057,51.51371768
316,1,117,529292,181040,-0.138168016,51.51349925
317,5,300,529294,181103,-0.138116126,51.51406496
